,param_C,param_degree,param_kernel,mean_fit_time,mean_score_time,mean_train_score,mean_test_score,std_fit_time,std_score_time,std_test_score,std_train_score
0,,,,0.20236129760742189,0.03370475769042969,0.6055377371452039,0.6055379835977175,0.008408078789293593,0.00245072560979086,0.0007804853041407953,0.00019496009538205118
1,,,,0.1461571216583252,0.02889275550842285,0.6055377371452039,0.6055379835977175,0.009624830724919741,0.006457729058528892,0.0007804853041407953,0.00019496009538205118
2,,,,0.22595767974853515,0.057332944869995114,0.7378619551579978,0.6681402966575722,0.020567297016682074,0.0025771409299322773,0.013473894041508885,0.009097402128739602
3,,,,0.2829719066619873,0.05177884101867676,0.4839486346646563,0.541342121994994,0.007978387793318184,0.004509188013812449,0.016338463928137925,0.0030629145524027953
4,,,,0.2101742744445801,0.033679628372192384,0.6055377371452039,0.6055379835977175,0.006248924300796604,0.00105656310202226,0.0007804853041407953,0.00019496009538205118
5,,,,0.20104756355285644,0.02739725112915039,0.6735555386681873,0.6689370709290066,0.006604776006717923,0.0038874360706581674,0.0075526176017555085,0.005894250680020227
6,,,,0.22596964836120606,0.050877952575683595,0.7378619551579978,0.6681402966575722,0.0049513136877353085,0.009500462390607211,0.013473894041508885,0.009097402128739602
7,,,,0.25662841796875,0.05131173133850098,0.4839486346646563,0.541342121994994,0.014537014358993966,0.0024649414142886928,0.016338463928137925,0.0030629145524027953
8,,,,0.18379564285278321,0.025877857208251955,0.6055377371452039,0.6055379835977175,0.01329119515983547,0.0069663006045150525,0.0007804853041407953,0.00019496009538205118
9,,,,0.3281993865966797,0.03662424087524414,0.6503812994427337,0.6111572542675713,0.021169904296462035,0.0006269005774447648,0.008087534843555198,0.004710346166542048
10,,,,0.2292921543121338,0.06041321754455566,0.7378619551579978,0.6681402966575722,0.005427199565177463,0.0015287929262171427,0.013473894041508885,0.009097402128739602
11,,,,0.2859331130981445,0.05637168884277344,0.4839486346646563,0.541342121994994,0.007997703327650114,0.005485210022369017,0.016338463928137925,0.0030629145524027953
12,,,,0.20187783241271973,0.0319183349609375,0.6055377371452039,0.6055379835977175,0.007558468570750501,0.004014934865848299,0.0007804853041407953,0.00019496009538205118
13,,,,0.21505451202392578,0.02781953811645508,0.7418742428992949,0.6573049713885603,0.011813374304633167,0.004816705909066368,0.005770293639980581,0.0014642817662456995
14,,,,0.20844717025756837,0.05922145843505859,0.7378619551579978,0.6681402966575722,0.014191800740095125,0.0039350230031455135,0.013473894041508885,0.009097402128739602
15,,,,0.27329459190368655,0.05765156745910645,0.4839486346646563,0.541342121994994,0.010920989368796652,0.0029592934298750513,0.016338463928137925,0.0030629145524027953
16,,,,0.19302959442138673,0.03335537910461426,0.6055377371452039,0.6055379835977175,0.011699276266980377,0.003095265386925425,0.0007804853041407953,0.00019496009538205118
17,,,,0.335369873046875,0.03469095230102539,0.7389647114952484,0.6047331611013191,0.016996062946964464,0.00339020480282287,0.006822833808979978,0.0025659820406951223
18,,,,0.21872587203979493,0.06030507087707519,0.7378619551579978,0.6681402966575722,0.011695585925297172,0.001808617395807779,0.013473894041508885,0.009097402128739602
19,,,,0.25493474006652833,0.05477886199951172,0.4839486346646563,0.541342121994994,0.00711049878799818,0.0031489697939065583,0.016338463928137925,0.0030629145524027953
20,,,,0.2601341724395752,0.03319606781005859,0.6055377371452039,0.6055379835977175,0.023372155364034634,0.004408331328859397,0.0007804853041407953,0.00019496009538205118
21,,,,0.1620115280151367,0.029616689682006835,0.6055377371452039,0.6055379835977175,0.007090257343448593,0.004716350512580429,0.0007804853041407953,0.00019496009538205118
22,,,,0.26768884658813474,0.0705411434173584,0.7827057690884998,0.667737885409373,0.02532428570103245,0.014178315215718393,0.027059605530513575,0.006505562595185079
23,,,,0.2595176696777344,0.05404276847839355,0.47020419009159947,0.530904379039203,0.013487740782603173,0.0018124661010125284,0.01684090014078484,0.008452375006117004
24,,,,0.3418415546417236,0.04020285606384277,0.6055377371452039,0.6055379835977175,0.012478112139531336,0.0016511954817233687,0.0007804853041407953,0.00019496009538205118
25,,,,0.277180814743042,0.03417224884033203,0.6775685309818064,0.671745901441437,0.018038712143134152,0.0014499272660729564,0.007619643712613842,0.004260138125602397
26,,,,0.27954726219177245,0.06248030662536621,0.7827057690884998,0.667737885409373,0.010361364321451362,0.003044878326812042,0.027059605530513575,0.006505562595185079
27,,,,0.25182065963745115,0.046854829788208006,0.47020419009159947,0.530904379039203,0.0062165544006251615,0.004035148673505231,0.01684090014078484,0.008452375006117004
28,,,,0.32138333320617674,0.039014768600463864,0.6055377371452039,0.6055379835977175,0.022308794332034542,0.0015326161467186716,0.0007804853041407953,0.00019496009538205118
29,,,,0.6337195873260498,0.034275388717651366,0.6586073322828495,0.6087492253583473,0.04574128445499297,0.005046028618110375,0.014717162200821848,0.008344967724376604
30,,,,0.29979543685913085,0.06359610557556153,0.7827057690884998,0.667737885409373,0.013307417449146654,0.002400658670651014,0.027059605530513575,0.006505562595185079
31,,,,0.23872551918029786,0.04541444778442383,0.47020419009159947,0.530904379039203,0.030744126418428098,0.007229369235860868,0.01684090014078484,0.008452375006117004
32,,,,0.271795654296875,0.03288989067077637,0.6055377371452039,0.6055379835977175,0.007873275482773525,0.004143352436173478,0.0007804853041407953,0.00019496009538205118
33,,,,0.2547785758972168,0.02695913314819336,0.7749804355364136,0.6460720638063274,0.010260393710438737,0.004988107897055939,0.009873179254533376,0.004502300335434339
34,,,,0.2212188720703125,0.05720357894897461,0.7827057690884998,0.667737885409373,0.014104560169421142,0.00301979829098459,0.027059605530513575,0.006505562595185079
35,,,,0.2284613609313965,0.04616870880126953,0.47020419009159947,0.530904379039203,0.008875331424362145,0.004300045809462391,0.01684090014078484,0.008452375006117004
36,,,,0.2677579402923584,0.03301053047180176,0.6055377371452039,0.6055379835977175,0.005807759313151031,0.004100699144619923,0.0007804853041407953,0.00019496009538205118
37,,,,0.46244239807128906,0.03754382133483887,0.7872188064444211,0.590287402113464,0.013484007695562931,0.000735382037523519,0.00870566103845496,0.0015417767498188786
38,,,,0.24004573822021485,0.05446391105651856,0.7827057690884998,0.667737885409373,0.006043736655450615,0.005842248646080416,0.027059605530513575,0.006505562595185079
39,,,,0.2312608242034912,0.04774641990661621,0.47020419009159947,0.530904379039203,0.008270836273710004,0.0025435866341044205,0.01684090014078484,0.008452375006117004
40,,,,0.36307711601257325,0.03014674186706543,0.6055377371452039,0.6055379835977175,0.009883482437834858,0.0042380402805364615,0.0007804853041407953,0.00019496009538205118
41,,,,0.1909052848815918,0.03584933280944824,0.6055377371452039,0.6055379835977175,0.014602884989045809,0.00544025551496821,0.0007804853041407953,0.00019496009538205118
42,,,,0.2851693153381348,0.05196170806884766,0.8074853260232278,0.6629258517034069,0.01132331707464758,0.004896443550442576,0.024362596807016516,0.0073870658213225325
43,,,,0.22683005332946776,0.044817113876342775,0.4651885913636544,0.521669040893031,0.0027639727381116833,0.002112443191305407,0.006041803284534909,0.009710876890372776
44,,,,0.38238749504089353,0.03454289436340332,0.6055377371452039,0.6055379835977175,0.012273996566091424,0.0028593881887784447,0.0007804853041407953,0.00019496009538205118
45,,,,0.2893841743469238,0.03330450057983399,0.6782708889337355,0.671745901441437,0.018641476018011072,0.0031163492410785304,0.007619643712613842,0.004405229278872112
46,,,,0.299029541015625,0.06072511672973633,0.8074853260232278,0.6629258517034069,0.02633594527793367,0.010491400025261003,0.024362596807016516,0.0073870658213225325
47,,,,0.2509450912475586,0.04971790313720703,0.4651885913636544,0.521669040893031,0.01848476929225132,0.0018326426055528984,0.006041803284534909,0.009710876890372776
48,,,,0.4303025722503662,0.03635196685791016,0.6055377371452039,0.6055379835977175,0.02889388101141841,0.0015266260419010418,0.0007804853041407953,0.00019496009538205118
49,,,,0.7738190174102784,0.042021751403808594,0.6610148559074112,0.6067436076973225,0.11109064799226866,0.009514292884090857,0.013672183766792837,0.00702252289758274
50,,,,0.2678558826446533,0.05315608978271484,0.8074853260232278,0.6629258517034069,0.016730527383583778,0.0046441806229210085,0.024362596807016516,0.0073870658213225325
51,,,,0.2662158966064453,0.0542412281036377,0.4651885913636544,0.521669040893031,0.035633232318795165,0.013873623835754927,0.006041803284534909,0.009710876890372776
52,,,,0.48659095764160154,0.04127392768859863,0.6055377371452039,0.6055379835977175,0.03410332455377404,0.006721219608559899,0.0007804853041407953,0.00019496009538205118
53,,,,0.4328648090362549,0.030376243591308593,0.7844105321483769,0.6428559931107195,0.011368150311164813,0.001028127066584033,0.010654504242734819,0.0030684786063131684
54,,,,0.30650601387023924,0.05698428153991699,0.8074853260232278,0.6629258517034069,0.015374054710330647,0.0019423234874941494,0.024362596807016516,0.0073870658213225325
55,,,,0.24150490760803223,0.04644551277160645,0.4651885913636544,0.521669040893031,0.007487407039293252,0.0004938564625435279,0.006041803284534909,0.009710876890372776
56,,,,0.4371788501739502,0.03869528770446777,0.6055377371452039,0.6055379835977175,0.040713619506409504,0.0019303219832037797,0.0007804853041407953,0.00019496009538205118
57,,,,0.6815996646881104,0.03421907424926758,0.808889136048386,0.5971090775929369,0.019455686011130676,0.0023024397006790294,0.013319386166006636,0.004261020799975052
58,,,,0.30931940078735354,0.059901094436645506,0.8074853260232278,0.6629258517034069,0.011071270835616482,0.002781051367782082,0.024362596807016516,0.0073870658213225325
59,,,,0.23339128494262695,0.0475616455078125,0.4651885913636544,0.521669040893031,0.005555966164238731,0.002853086410881208,0.006041803284534909,0.009710876890372776
60,,,,0.5241194725036621,0.042141389846801755,0.6055377371452039,0.6055379835977175,0.02681704205315225,0.0013267207906426228,0.0007804853041407953,0.00019496009538205118
61,,,,0.23324499130249024,0.03985719680786133,0.6055377371452039,0.6055379835977175,0.039541997383184604,0.003936002633556788,0.0007804853041407953,0.00019496009538205118
62,,,,0.35570387840270995,0.05868091583251953,0.8218309720934002,0.6601178260134727,0.02032536942316191,0.001927692551516063,0.023863527668226265,0.007025732217070429
63,,,,0.2417774200439453,0.04587187767028809,0.4683992771087976,0.5180626312866697,0.0059016298639352795,0.0014639756444842045,0.012334040801754636,0.010233808909968703
64,,,,0.49901657104492186,0.03496389389038086,0.6055377371452039,0.6055379835977175,0.024834862096820776,0.0021710738927759434,0.0007804853041407953,0.00019496009538205118
65,,,,0.3542287826538086,0.03293132781982422,0.6782708889337355,0.6725475046478498,0.012815671478527638,0.0008886007126584416,0.008720492820494178,0.00425404478120559
66,,,,0.3095700740814209,0.052543115615844724,0.8218309720934002,0.6601178260134727,0.023992222723144645,0.004202537521753342,0.023863527668226265,0.007025732217070429
67,,,,0.2092667579650879,0.04376978874206543,0.4683992771087976,0.5180626312866697,0.013428646796794157,0.002969905422919216,0.012334040801754636,0.010233808909968703
68,,,,0.42702107429504393,0.03238835334777832,0.6055377371452039,0.6055379835977175,0.019372955339559444,0.006528063058053096,0.0007804853041407953,0.00019496009538205118
69,,,,0.9758316993713378,0.03209433555603027,0.6630210249413568,0.6035315611141963,0.09235745159022005,0.0036673991969758705,0.013098344672221787,0.006057943515678031
70,,,,0.2810579776763916,0.04884562492370605,0.8218309720934002,0.6601178260134727,0.015913111651687014,0.007887567349786715,0.023863527668226265,0.007025732217070429
71,,,,0.21772456169128418,0.04269142150878906,0.4683992771087976,0.5180626312866697,0.009233945734025651,0.004905283631262386,0.012334040801754636,0.010233808909968703
72,,,,0.42320756912231444,0.02770514488220215,0.6055377371452039,0.6055379835977175,0.024595985483915898,0.0054907268785808535,0.0007804853041407953,0.00019496009538205118
73,,,,0.39113383293151854,0.023910379409790038,0.7926366656416817,0.6448608059492479,0.026337991362461812,0.003983036568358175,0.00823834462009281,0.0035412286220149235
74,,,,0.283172082901001,0.04929366111755371,0.8218309720934002,0.6601178260134727,0.006022732121891731,0.006890565151881276,0.023863527668226265,0.007025732217070429
75,,,,0.21048083305358886,0.041992807388305665,0.4683992771087976,0.5180626312866697,0.012084490528224646,0.003812265499001763,0.012334040801754636,0.010233808909968703
76,,,,0.4569112300872803,0.03603529930114746,0.6055377371452039,0.6055379835977175,0.03197606259296123,0.0021961699819625304,0.0007804853041407953,0.00019496009538205118
77,,,,0.6814663410186768,0.027251052856445312,0.8228337294875093,0.5979106807993497,0.023536834181602795,0.004853211484925708,0.01234936826853334,0.004631242502407123
78,,,,0.3076836109161377,0.05261802673339844,0.8218309720934002,0.6601178260134727,0.0053806065215212685,0.0037021000345417642,0.023863527668226265,0.007025732217070429
79,,,,0.21488604545593262,0.04342656135559082,0.4683992771087976,0.5180626312866697,0.010091187136829171,0.0025505427991774367,0.012334040801754636,0.010233808909968703
80,,,,0.5536467552185058,0.03392438888549805,0.6055377371452039,0.6055379835977175,0.030085014265753277,0.0008729628524637192,0.0007804853041407953,0.00019496009538205118
81,,,,0.2217160701751709,0.03586244583129883,0.6055377371452039,0.6055379835977175,0.0025940340561460403,0.002252160737292574,0.0007804853041407953,0.00019496009538205118
82,,,,0.3272997379302979,0.056663799285888675,0.835975764725184,0.6569049746078501,0.007728454071905669,0.003878420135794332,0.021314268477576934,0.005788480561608574
83,,,,0.23833622932434081,0.04502439498901367,0.4660922556933218,0.5224875453718683,0.012171942798305193,0.0003708035793231366,0.02140634665228243,0.008941624256047618
84,,,,0.5235507488250732,0.035991477966308597,0.6055377371452039,0.6055379835977175,0.011292967107488979,0.0028494441030549327,0.0007804853041407953,0.00019496009538205118
85,,,,0.33965473175048827,0.029564285278320314,0.6781704873778386,0.6733491078542627,0.018348303715866748,0.004371758606350869,0.008757036704448579,0.004152284304840907
86,,,,0.30303239822387695,0.050410223007202146,0.835975764725184,0.6569049746078501,0.012934414394330294,0.008449264537001344,0.021314268477576934,0.005788480561608574
87,,,,0.21507978439331055,0.046070289611816403,0.4660922556933218,0.5224875453718683,0.010250890635313913,0.001241398020677863,0.02140634665228243,0.008941624256047618
88,,,,0.5200587749481201,0.03761634826660156,0.6055377371452039,0.6055379835977175,0.0426418715860405,0.0016202518456309453,0.0007804853041407953,0.00019496009538205118
89,,,,1.2386492252349854,0.03264098167419434,0.6629207240386489,0.6043339691431056,0.1187817482598278,0.004718234343113248,0.011657349592154177,0.005859437445115227
90,,,,0.35419602394104005,0.05939607620239258,0.835975764725184,0.6569049746078501,0.012719398379675452,0.0028967986377381664,0.021314268477576934,0.005788480561608574
91,,,,0.2382652759552002,0.045767021179199216,0.4660922556933218,0.5224875453718683,0.014462504320832627,0.0034463036207622835,0.02140634665228243,0.008941624256047618
92,,,,0.5735049724578858,0.044576597213745114,0.6055377371452039,0.6055379835977175,0.04248969889868306,0.006076667963369838,0.0007804853041407953,0.00019496009538205118
93,,,,0.5931600093841553,0.03716192245483398,0.7990573325596457,0.6408543995621765,0.10635534473363385,0.008253739727683871,0.008156836335500739,0.003782803998127035
94,,,,0.4014442920684814,0.06166849136352539,0.835975764725184,0.6569049746078501,0.018811115175484637,0.006017979454852678,0.021314268477576934,0.005788480561608574
95,,,,0.2636705875396729,0.04870905876159668,0.4660922556933218,0.5224875453718683,0.01625745675380089,0.004781540362000415,0.02140634665228243,0.008941624256047618
96,,,,0.6364651679992676,0.043307018280029294,0.6055377371452039,0.6055379835977175,0.036174641604058935,0.014595915121708691,0.0007804853041407953,0.00019496009538205118
97,,,,0.9203113079071045,0.04328179359436035,0.8328659334752879,0.595103459931912,0.03510360596779025,0.0077722497034817,0.011332063827561079,0.0036013636232893652
98,,,,0.39393301010131837,0.06250762939453125,0.835975764725184,0.6569049746078501,0.019334728647725636,0.004692229463768651,0.021314268477576934,0.005788480561608574
99,,,,0.30110764503479004,0.05886673927307129,0.4660922556933218,0.5224875453718683,0.040342120611453605,0.0079778836205765,0.02140634665228243,0.008941624256047618
100,,,,0.74059157371521,0.03788738250732422,0.6055377371452039,0.6055379835977175,0.029438575871218897,0.0035519364932723664,0.0007804853041407953,0.00019496009538205118
101,,,,0.28818960189819337,0.04201521873474121,0.6055377371452039,0.6055379835977175,0.02069662514528643,0.0029155717124708476,0.0007804853041407953,0.00019496009538205118
102,,,,0.38587260246276855,0.05790395736694336,0.8450045067465316,0.649680887880178,0.011811494428310039,0.006289151377509898,0.015222475545582953,0.006006425380553375
103,,,,0.2434758186340332,0.04498515129089355,0.4673953622030164,0.5184730907598329,0.021187731099817014,0.005537999892806336,0.021929455168133247,0.010935275045395912
104,,,,0.5940982341766358,0.03277158737182617,0.6055377371452039,0.6055379835977175,0.021152319793248206,0.005226701230271391,0.0007804853041407953,0.00019496009538205118
105,,,,0.3539299011230469,0.02980775833129883,0.6779698855724223,0.6729483062510562,0.02093899880440425,0.001373846140560321,0.008701940917815044,0.004031005594878142
106,,,,0.3262760162353516,0.0563321590423584,0.8450045067465316,0.649680887880178,0.014444223214089613,0.0008590389202955502,0.015222475545582953,0.006006425380553375
107,,,,0.21127557754516602,0.04386401176452637,0.4673953622030164,0.5184730907598329,0.011512326037726043,0.0017985669377400097,0.021929455168133247,0.010935275045395912
108,,,,0.6539331436157226,0.03336009979248047,0.6055377371452039,0.6055379835977175,0.019430790040524403,0.0022158412981610463,0.0007804853041407953,0.00019496009538205118
109,,,,1.5490619659423828,0.03264455795288086,0.663221727399962,0.6035315611141963,0.16988906304729098,0.0026489697461775674,0.012400537090845995,0.005517225501996584
110,,,,0.37323966026306155,0.05852036476135254,0.8450045067465316,0.649680887880178,0.010253250192751398,0.0075198214130686005,0.015222475545582953,0.006006425380553375
111,,,,0.24609174728393554,0.044915771484375,0.4673953622030164,0.5184730907598329,0.024625033582549933,0.005478730689092153,0.021929455168133247,0.010935275045395912
112,,,,0.6239052772521972,0.0340632438659668,0.6055377371452039,0.6055379835977175,0.030256957392453116,0.006892434475990918,0.0007804853041407953,0.00019496009538205118
113,,,,0.5811300277709961,0.028314590454101562,0.8020668629068339,0.6404503786689846,0.05660248948169387,0.0032510477168619855,0.008603841359471627,0.005600438734536074
114,,,,0.3153871536254883,0.04637017250061035,0.8450045067465316,0.649680887880178,0.010616251080407714,0.007701477050718896,0.015222475545582953,0.006006425380553375
115,,,,0.21439666748046876,0.0439812183380127,0.4673953622030164,0.5184730907598329,0.015051255687545216,0.0019061351289435314,0.021929455168133247,0.010935275045395912
116,,,,0.6275276184082031,0.032259654998779294,0.6055377371452039,0.6055379835977175,0.027513544108478963,0.006449600228764539,0.0007804853041407953,0.00019496009538205118
117,,,,0.7496862411499023,0.028501510620117188,0.8399888576919923,0.5882874182099138,0.02223275099485893,0.003876400144642108,0.008955193987847975,0.004854978368148435
118,,,,0.3200987339019775,0.05249428749084473,0.8450045067465316,0.649680887880178,0.012967054604262363,0.004837387599420348,0.015222475545582953,0.006006425380553375
119,,,,0.2144174098968506,0.03877072334289551,0.4673953622030164,0.5184730907598329,0.016173980660906872,0.004421168579149634,0.021929455168133247,0.010935275045395912
120,,,,0.6951712131500244,0.03441438674926758,0.6055377371452039,0.6055379835977175,0.025037331461204647,0.0022582015786178065,0.0007804853041407953,0.00019496009538205118
121,,,,0.25428481101989747,0.036930274963378903,0.6055377371452039,0.6055379835977175,0.009409751951261718,0.0028480581797466205,0.0007804853041407953,0.00019496009538205118
122,,,,0.37726554870605467,0.05169711112976074,0.8518262262955449,0.6492841103894536,0.007608136949684414,0.006639619353983168,0.01915237188766824,0.004929690722091304
123,,,,0.23331708908081056,0.04446520805358887,0.4671934519061449,0.5132465734682217,0.015501527212423209,0.002444482359276728,0.018039711866004133,0.012138985023796392
124,,,,0.6850571632385254,0.03791608810424805,0.6055377371452039,0.6055379835977175,0.058519428137297415,0.0017733105506875478,0.0007804853041407953,0.00019496009538205118
125,,,,0.4033229351043701,0.02969522476196289,0.6782708386071411,0.6729483062510562,0.01599039138178133,0.003983425857672917,0.008701940917815044,0.004137782831320942
126,,,,0.36807641983032224,0.05022134780883789,0.8518262262955449,0.6492841103894536,0.01979156766883347,0.008124454986615317,0.01915237188766824,0.004929690722091304
127,,,,0.2250230312347412,0.03953981399536133,0.4671934519061449,0.5132465734682217,0.017911628112081197,0.005506027970271015,0.018039711866004133,0.012138985023796392
128,,,,0.7085525512695312,0.03121953010559082,0.6055377371452039,0.6055379835977175,0.015385760302632615,0.007300421064643101,0.0007804853041407953,0.00019496009538205118
129,,,,1.629977560043335,0.0270050048828125,0.6632216770733675,0.6039315578949063,0.21209285293212382,0.003854249847130614,0.013376887478485871,0.006059481607206013
130,,,,0.3552589416503906,0.054160451889038085,0.8518262262955449,0.6492841103894536,0.01445815245370846,0.002147658894949266,0.01915237188766824,0.004929690722091304
131,,,,0.21753435134887694,0.04162263870239258,0.4671934519061449,0.5132465734682217,0.014534219551284715,0.004168503463357901,0.018039711866004133,0.012138985023796392
132,,,,0.6546422958374023,0.03590216636657715,0.6055377371452039,0.6055379835977175,0.0239903642925351,0.0015364700200915023,0.0007804853041407953,0.00019496009538205118
133,,,,0.6209941864013672,0.027457332611083983,0.8039729826710437,0.637241551375844,0.08323419420404639,0.002178513664776212,0.010484596109608751,0.005167725806539462
134,,,,0.3750024318695068,0.052993154525756835,0.8518262262955449,0.6492841103894536,0.013819168034690712,0.0045834705476666725,0.01915237188766824,0.004929690722091304
135,,,,0.240784215927124,0.04483327865600586,0.4671934519061449,0.5132465734682217,0.018745153206107604,0.0018398070306948045,0.018039711866004133,0.012138985023796392
136,,,,0.7226039409637451,0.03312430381774902,0.6055377371452039,0.6055379835977175,0.031073847276037972,0.004378390832477329,0.0007804853041407953,0.00019496009538205118
137,,,,0.8341016292572021,0.03047523498535156,0.8464092729769842,0.5850769812717805,0.034127717994573474,0.005099250131273962,0.006695739320611552,0.004925964371595861
138,,,,0.3363683223724365,0.05400118827819824,0.8518262262955449,0.6492841103894536,0.01629275888327686,0.003083710862912691,0.01915237188766824,0.004929690722091304
139,,,,0.2285517692565918,0.04200668334960937,0.4671934519061449,0.5132465734682217,0.0174835903193142,0.0026132383316903414,0.018039711866004133,0.012138985023796392
140,,,,0.7679574489593506,0.03279356956481934,0.6055377371452039,0.6055379835977175,0.010185947621452878,0.005658361116176894,0.0007804853041407953,0.00019496009538205118
141,,,,0.2487182140350342,0.028933048248291016,0.6055377371452039,0.6055379835977175,0.01037258246447823,0.0037138367828667856,0.0007804853041407953,0.00019496009538205118
142,,,,0.3407888889312744,0.05075893402099609,0.8584475956721143,0.6480776814673523,0.015322997736758097,0.0035434126021162645,0.020937735534508433,0.005511868179729912
143,,,,0.2055121898651123,0.03858199119567871,0.471107300828728,0.5124449702618088,0.017580578725063165,0.005545115191185522,0.012806113061125664,0.008647441337008337
144,,,,0.7309975147247314,0.03745574951171875,0.6055377371452039,0.6055379835977175,0.01276454232525937,0.0009163349707082473,0.0007804853041407953,0.00019496009538205118
145,,,,0.4027717113494873,0.02627902030944824,0.6779698352458278,0.6729483062510562,0.01852873124952764,0.004018089072499177,0.008701940917815044,0.004288955586928861
146,,,,0.36848998069763184,0.05020804405212402,0.8584475956721143,0.6480776814673523,0.011574547521109356,0.004190471420760078,0.020937735534508433,0.005511868179729912
147,,,,0.20519871711730958,0.042041444778442384,0.471107300828728,0.5124449702618088,0.008567698940590892,0.003855680088321468,0.012806113061125664,0.008647441337008337
148,,,,0.7569671630859375,0.0366851806640625,0.6055377371452039,0.6055379835977175,0.03191352100674394,0.0018151332668962148,0.0007804853041407953,0.00019496009538205118
149,,,,1.8954683303833009,0.03639225959777832,0.6636231323171723,0.6039323627174026,0.10999765182498104,0.0012908247450684799,0.012986599591704263,0.006397869828747532
150,,,,0.3746540069580078,0.050454902648925784,0.8584475956721143,0.6480776814673523,0.015935498576182407,0.004871520566636347,0.020937735534508433,0.005511868179729912
151,,,,0.22307496070861815,0.046421241760253903,0.471107300828728,0.5124449702618088,0.009425902194616613,0.003706386475469473,0.012806113061125664,0.008647441337008337
152,,,,0.8197313785552979,0.0347440242767334,0.6055377371452039,0.6055379835977175,0.0313672335802907,0.00447920845153378,0.0007804853041407953,0.00019496009538205118
153,,,,0.7596627712249756,0.02601799964904785,0.8054782007839878,0.6376447674465396,0.06420532216688785,0.005055978410749736,0.012596563545783571,0.005409952171664834
154,,,,0.3540483951568604,0.05352239608764649,0.8584475956721143,0.6480776814673523,0.011194078195517673,0.003789299931883188,0.020937735534508433,0.005511868179729912
155,,,,0.2122182846069336,0.042859554290771484,0.471107300828728,0.5124449702618088,0.015425600122413952,0.001665807275184136,0.012806113061125664,0.008647441337008337
156,,,,0.871726655960083,0.03734121322631836,0.6055377371452039,0.6055379835977175,0.03629643796663314,0.0014758289425426882,0.0007804853041407953,0.00019496009538205118
157,,,,0.995850944519043,0.035584115982055665,0.8519268794844141,0.5842737684203749,0.05189554575194657,0.0015751787657198079,0.010555870782283022,0.005089251411184734
158,,,,0.41300148963928224,0.06216115951538086,0.8584475956721143,0.6480776814673523,0.015300061098421809,0.00797133683957196,0.020937735534508433,0.005511868179729912
159,,,,0.23137993812561036,0.04586496353149414,0.471107300828728,0.5124449702618088,0.009737869383513844,0.0021325652448850336,0.012806113061125664,0.008647441337008337
160,,,,0.8581327438354492,0.03790225982666016,0.6055377371452039,0.6055379835977175,0.032027896492109895,0.0007276442478436222,0.0007804853041407953,0.00019496009538205118
161,,,,0.24535889625549318,0.035938453674316403,0.6055377371452039,0.6055379835977175,0.01573309267296601,0.006475436424811339,0.0007804853041407953,0.00019496009538205118
162,,,,0.38120551109313966,0.042834234237670896,0.8643666070967544,0.6460712589838311,0.02412058876700322,0.004322010250617984,0.020975078942459927,0.0035877890744609674
163,,,,0.2098762035369873,0.04293036460876465,0.47431728200154905,0.5124409461493268,0.009483630760790977,0.0020763450294758287,0.014094125595624644,0.011925722278401394
164,,,,0.9106547832489014,0.03631258010864258,0.6055377371452039,0.6055379835977175,0.029531134712379014,0.0011929305376182282,0.0007804853041407953,0.00019496009538205118
165,,,,0.4812498092651367,0.030484104156494142,0.6780701864751304,0.6729483062510562,0.017551596302195417,0.00219849422684321,0.008227495334577966,0.004395705874608394
166,,,,0.4123237609863281,0.05383110046386719,0.8643666070967544,0.6460712589838311,0.014243460300563686,0.0034855959082489706,0.020975078942459927,0.0035877890744609674
167,,,,0.22176566123962402,0.043682098388671875,0.47431728200154905,0.5124409461493268,0.0119087953983834,0.0035674794443109085,0.014094125595624644,0.011925722278401394
168,,,,0.8340719223022461,0.02842874526977539,0.6055377371452039,0.6055379835977175,0.02097012959015391,0.00594831635838268,0.0007804853041407953,0.00019496009538205118
169,,,,2.1101057529449463,0.027292156219482423,0.6630211759211402,0.6039331675398991,0.38142957555743906,0.005368762796996787,0.012711479633226913,0.0063187251379255936
170,,,,0.38431577682495116,0.04916777610778809,0.8643666070967544,0.6460712589838311,0.012205368980649714,0.007002673449632462,0.020975078942459927,0.0035877890744609674
171,,,,0.20062642097473143,0.03656792640686035,0.47431728200154905,0.5124409461493268,0.007122379924999383,0.006138529367028322,0.014094125595624644,0.011925722278401394
172,,,,0.8716737747192382,0.03161544799804687,0.6055377371452039,0.6055379835977175,0.03642715124712163,0.006142821116423249,0.0007804853041407953,0.00019496009538205118
173,,,,0.9298410415649414,0.026687479019165038,0.807083166207101,0.6312222839252802,0.10848653900316797,0.001588283573148518,0.011366090995176634,0.004604258464212713
174,,,,0.3698566913604736,0.05110044479370117,0.8643666070967544,0.6460712589838311,0.006960787218663007,0.003830124752895398,0.020975078942459927,0.0035877890744609674
175,,,,0.21419053077697753,0.041336584091186526,0.47431728200154905,0.5124409461493268,0.014339701936819976,0.003468103421283253,0.014094125595624644,0.011925722278401394
176,,,,0.8919390201568603,0.029187679290771484,0.6055377371452039,0.6055379835977175,0.035600467555596746,0.007218126455285438,0.0007804853041407953,0.00019496009538205118
177,,,,0.9884309768676758,0.027067136764526368,0.8555380642680677,0.5802609234533324,0.0502945033777827,0.0058341129670794,0.009256931416583215,0.0043038747339713265
178,,,,0.3921799659729004,0.05372042655944824,0.8643666070967544,0.6460712589838311,0.02107149050599914,0.0022505668205685236,0.020975078942459927,0.0035877890744609674
179,,,,0.20764260292053222,0.04134998321533203,0.47431728200154905,0.5124409461493268,0.016851976704463634,0.004979602933255371,0.014094125595624644,0.011925722278401394
180,,,,0.9149342536926269,0.030865478515625,0.6055377371452039,0.6055379835977175,0.028597163162175834,0.007093663281664926,0.0007804853041407953,0.00019496009538205118
181,,,,0.2746315002441406,0.033131074905395505,0.6055377371452039,0.6055379835977175,0.018590514854298284,0.0061043709371717625,0.0007804853041407953,0.00019496009538205118
182,,,,0.3926959991455078,0.049442720413208005,0.8704858177140553,0.6412568108103758,0.023791727193253856,0.003171934390425928,0.023109982178394786,0.003353563493541182
183,,,,0.20043501853942872,0.041298532485961915,0.47511994085618625,0.5180553878842021,0.013008408190644817,0.0032170534076485565,0.011753497898161566,0.01581819138939515
184,,,,0.9891885280609131,0.033162593841552734,0.6055377371452039,0.6055379835977175,0.01782112375288022,0.00322244861623189,0.0007804853041407953,0.00019496009538205118
185,,,,0.538454818725586,0.032777023315429685,0.6779697849192333,0.6729483062510562,0.02082186637388192,0.0019634618659748145,0.007929213184579996,0.0041008602749763295
186,,,,0.4363013744354248,0.05814352035522461,0.8704858177140553,0.6412568108103758,0.02780773100453416,0.009446232029141223,0.023109982178394786,0.003353563493541182
187,,,,0.22088241577148438,0.03873896598815918,0.47511994085618625,0.5180553878842021,0.010792300912043683,0.005262563805491516,0.011753497898161566,0.01581819138939515
188,,,,0.9950509071350098,0.03301539421081543,0.6055377371452039,0.6055379835977175,0.017942028459001804,0.004982394483352889,0.0007804853041407953,0.00019496009538205118
189,,,,2.3266881942749023,0.03381342887878418,0.663121426497254,0.6027291530852871,0.19311276366452182,0.0008486536353226699,0.012355394123737717,0.00683662928949323
190,,,,0.40166711807250977,0.04983053207397461,0.8704858177140553,0.6412568108103758,0.0360743022325648,0.008653183746704044,0.023109982178394786,0.003353563493541182
191,,,,0.21477169990539552,0.04407753944396973,0.47511994085618625,0.5180553878842021,0.013927854903698566,0.003187729284727259,0.011753497898161566,0.01581819138939515
192,,,,0.9937344074249268,0.03451070785522461,0.6055377371452039,0.6055379835977175,0.029547357629807827,0.0040405505986108115,0.0007804853041407953,0.00019496009538205118
193,,,,0.9943117618560791,0.028633880615234374,0.8078856237553603,0.6316238903509831,0.239127863046296,0.001404054080254178,0.012449871853800297,0.004492110924035252
194,,,,0.4154374122619629,0.04757604598999023,0.8704858177140553,0.6412568108103758,0.007304083970855071,0.0031516507894899424,0.023109982178394786,0.003353563493541182
195,,,,0.213082218170166,0.04243488311767578,0.47511994085618625,0.5180553878842021,0.013295584313952712,0.002779886526916188,0.011753497898161566,0.01581819138939515
196,,,,0.9452324390411377,0.03693499565124512,0.6055377371452039,0.6055379835977175,0.03566527373010208,0.003015234073190999,0.0007804853041407953,0.00019496009538205118
197,,,,1.017482089996338,0.031804895401000975,0.8599522601925192,0.5782536961473147,0.08591886938663233,0.0015020337831370878,0.010124058379371246,0.004589759980326706
198,,,,0.4045849800109863,0.04704670906066895,0.8704858177140553,0.6412568108103758,0.0068579199358528384,0.006961347719554494,0.023109982178394786,0.003353563493541182
199,,,,0.21475343704223632,0.04342389106750488,0.47511994085618625,0.5180553878842021,0.01369640240448639,0.002656601011220723,0.011753497898161566,0.01581819138939515
